filename,Tamil_subtitle,English_subtitle
audio1.wav,அப்படியெல்லாம் நடக்காது நடக்கக் கூடாது,Such things should not happen
audio10.wav,உன் கண்ண நான் பாக்கணும்,I want to see your eyes
audio100.wav,ஜலம் திருப்பி திருப்பி உன்னை நியாபகமா தான் இருக்குது கண்ணை மூடுனா இதோ இங்க வந்து நிக்கிற நல்லபடியா வச்சு பாத்துக்குவேன் என்ன புடிச்சிருந்தா நீ வாய தொறந்து கூட சொல்ல தேவையில்லை செல்லம் சும்மா அப்படி நிமிர்ந்து பாரு அது போதும் இல்லையா குஞ்சுகளே புடிக்கலைன்னு சொல்லு பொய்யின்னு இருக்குற அதுக்கப்புறம் தெரு பக்கம் வந்தா ஏண்டா நான் என்ன செருப்பால அடி பாரதியார் அவரே பண்ணலையா ஜாதிகள் இல்லையடி பாப்பா என்று தலப்பா மட்டும்தான் மிஸ்ஸிங் மிஸ்ஸஸ் சேம் சேம்,"Turn back the water and turn it back to you. Close your eyes. Here you are coming here. What are you doing? You don't even need to touch your mouth to say. Baby, just look up like that. Isn't that enough? Tell me it's a lie. Come to the street. Missing Misses Same Same is the only one called Papa"
audio101.wav,உங்க மனசுல கோவம் வரணும் ஆனா எனக்கு உங்கள புடிச்சிருக்கு சார் அதனால லாங் லீப் ஆப்பிள் ஐபோன்,I want to get angry in your heart but I have your intelligence sir so long leap apple iphone
audio102.wav,2 மூவி செருப்பு பிஞ்சிடும் போ போ போ போ போ போ போ போ போ போ போ,2 Movie Sandal pinching go go go go go go go go go go go go go go go go go go go go go go go go go go go go go
audio103.wav,கேலண்டரில் பார்த்தே இன்னைக்கு நாள் நல்லா ஆகுது இன்னைல இருந்து நம்ம பார்ட்னர்ஸ் ஓகே செகண்ட்,"Looking at the calendar, today is a good day and our partners are OK from today."
audio104.wav,எனக்கு நாங்க எல்லாம் சுனாமியில் ஸ்விம்மிங் போடுறீங்க,I think we are all swimming in a tsunami
audio105.wav,அது எங்க ஏரியா பொண்ணு அதுக்கு கிட்ட இருந்து காசு கொடுங்க தொல்லை கொடுப்பேன் என்னவெல்லாம் பண்ணுவ நீ உங்க அய்யாவையும் ஆளுங்களை கூப்பிட்டு முதல்ல எங்க நிக்கலாம் பாரேன் இது இன்னும் முடியலன்னா போட,"Where is that area, girl, I will trouble you to pay money for it. You can call your father and the people to do everything."
audio106.wav,இந்த ராகவன் தொல்லை தாங்க முடியல ரொம்ப தொந்தரவு பண்றான் எவ்வளவு சொன்னாலும் கேட்க மாட்ற அவன் கண்ணை தோண்டி எடுத்தாங்க டா அப்படின்னு ராயபுரம் பண்ணி சொன்னதா உனக்கு எனக்கு தெரிஞ்சது இப்ப என்ன நீ ராயபுரம் மணியே இல்லைன்னு போறியா ராகவன் வேணாம் டேய் உனக்கு எனக்கு உறவு பழைய கணக்கு என்ன 10 வருஷம் இருக்குமா விபத்துக்களும் நானே வந்து இருக்கேன் என்ன ரெண்டு கண்ணோடு உயிரோடு வெளியே போக விட்டேன்னு வச்சுக்க உன் ஆளுங்களுக்கு எதிர்க்க சொல்ற நாளையிலிருந்து நீ வெறும் மணி தான்,"This Raghavan can't bear the trouble, he is very annoying, no matter how much I say, he won't listen. They dug out his eye. Did you tell me that in Rayapuram? Now I know that you are not in Rayapuram. Raghavan doesn't want me. Do you have an old relationship account of 10 years? You are just a bell from tomorrow telling your men to fight back to tell you that you are going out alive"
audio107.wav,எஸ் ஒன் கொஸ்டின்,S one Costin
audio108.wav,நானும் பாத்துகிட்டே இருக்கிறேன் கிளாஸ் ஆரம்பிச்சதுல இருந்து எதுத்து பேசிட்டு இருக்கீங்க நீங்க ஸ்டூடண்டா,I am also watching. What have you been talking about since the class started?
audio109.wav,கால் ஆப்கானிஸ்தான் கடத்திட்டு போகும்போது அன்னைக்கே சுட்டு தள்ளி இருக்கணும் செய்யல பணம் முட்டையை கொடுத்து வழி அனுப்பி வைக்கணும் ஹோட்டல்ல ரயில்வே ஸ்டேஷன்ல தெருவில் வைத்து போட்டோ கொஞ்சம் நேரம் அப்புறம் மறந்துட்டேன் மீனம்பாக்கத்தில் ஒரு பாம் வெடிச்சது சென்னையில அது எத்தனை பேர் இருக்காங்க மச்சான் மன்னிக்கவும் இல்லையா மறந்திட பாரதி ஒரு தேசிய வியாதி,"When the foot is kidnapped by Afghanistan, the mother should be shot and stay away. Don't give money and send the egg. Leave it on the street in the hotel, railway station. After a while, I forgot. A bomb exploded in Meenambakkam. How many people are there in Chennai?"
audio11.wav,ஒரு புடவை கட்டிட்டு வந்தா பாரு அப்படியே தங்க செல்ல மாதிரி இருந்த,It was like wearing a saree and going to stay
audio110.wav,ஆகுபெயர் ஆனா பெயர் பட்டப்பெயர் ஜாதி குலம் பயோடேட்டா அது கேக்குறீங்க மிஸ்டர் கமிஷனர் என்னை உங்களுக்கு தெரியும் நிறைய வாட்டி பாத்திருக்கீங்க ரேஷன் கடையில் புழுத்துப்போன அரிசி கரைசல் வாங்குறதுக்கு நீளமான ஒரு கியூன் நிக்குமே அதுல கிட்டத்தட்ட கடைசியில் நிற்கிறது நான் தான் இருக்கும் கடற்கரையிலும் மசூதி இல்லையோ கோவில்களிலோ நடுத்தெருவுல உத்தேசமா ஒரு ஆளை சுட்டி காட்டுங்க அதை நானாதான் இருக்கும் உங்க போலீஸ் ஸ்டேஷன்ல கம்ப்ளைன்ட் கொடுக்க ஒருத்தன் வருவான் மாதிரி இன்னைக்கு நடத்துவாங்க,"First name, first name, last name, caste, clan, biodata, are you asking for it Mr. Commissioner, you know me. Treat today as if someone is coming to file a complaint"
audio111.wav,நீ படிச்ச பொண்ணை வசதியா வந்து பேசுறேன் நாங்க அப்படி இல்ல நாலு காசு சம்பாதிக்க வேண்டும் என்றால் சாகனும் சம்பாதித்த காசை வீட்டு கொண்டாட்டத்தில் ஒரு நாளைக்கு நான் உயிரோடு இருப்போம் அதனால் தான் நினைக்க முடியல இருந்து தப்பிக்க முடியும்,"I will come and talk to you educated girl, we are not like that. If we have to earn four cents, then we will be alive for a day in the celebration of Sagan's house."
audio112.wav,வேர்ல்டு குதிரை தேனி மாவட்டம் ஊர் கோடுகளால் பட்டி பொண்டாட்டி பெயர் நிரஞ்சனா பொண்ணு பேரு ஸ்வேதா ஓட்டைக் ஒத்த வாடா,World Horse Theni District Town Lines Patti Bondati Name Niranjana Ponnu Name Swetha Ota Similar to Wada
audio114.wav,மிருகம் கொன்று மிருகம் கொன்று கடவுள் வளர்க்கப் பார்க்கின்றேன் ஆனால் கடவுள் கொன்று உணவாய் தின்று மிருகம் மட்டும் வளர்கிறதே,"God tries to raise animals by killing animals, but only animals grow by killing animals and eating them as food."
audio115.wav,என்றால் என்ன தெரியுமா பயம் இல்லாத மாதிரி நடிக்கிறதா உன் பயத்தை உன் கண்ணுல நான் பாத்துட்டேன் அதை மெதுவா தான் நம்ம வெளியே கொண்டு வந்து உனக்கு அறிமுகப்படுத்த வேண்டும்,Do you know what it means? Are you acting like you have no fear? I saw your fear in your eyes.
audio116.wav,கண்மணி அன்போடு காதலன் நான் நான் நான் நான் நான் நான் நான் நான் நான் எழுதும் லெட்டர் மடல் இல்ல கடுதாசி வச்சுக்கலாமா கடிதமே இருக்கட்டும் படி,"Kanmani Dear Lover, I, I, I, I, I, I, I, I, I."
audio117.wav,இன்னைக்கு பார்த்திருக்கீங்களா ஒரு காக்கா செத்துச் சொன்னா 100 காக்கா சுத்தி பறக்கும் ஒரு மனுஷன் செத்துப்போனா அதை விட்டுட்டு நாம போய் பாட்டு பாடிட்டு இருக்கணும்,"Have you seen today, if a crow dies and 100 crows fly and a man dies, we should leave it alone and sing a song."
audio118.wav,என் காதல் என்னன்னு சொல்லாம ஏங்க அழுகையா வருது ஆனா நான் அழுது என் சோகம் உன்னை தாக்கிடும்,"My love doesn't tell you what it is, but I cry and my sadness hits you"
audio119.wav,இது என்ன கோலி நீ முன்னாடி விளையாட்டா செஞ்சவன் இப்ப இந்த வேலை செய்ற விளையாட்டு பாக்குறியா,"What is this goalie, what game did you play in the past?"
audio12.wav,நாங்க எல்லாம் பிரச்சினையை பில்லு போட்டு வாங்குறவங்க சொல்லு மச்ச,"All of us who buy the problem by paying the bill, tell me"
audio120.wav,வந்து,come
audio121.wav,ஒருத்தனை கொல்லனும் வந்துட்டு மனசை மாத்திக்கிட்டு மன்னிப்பும் கேட்கிற மனுஷன் இருக்கானே அதான் என்னை பொருத்தவரைக்கும் சாமி மனச மாத்திக்கிட்டேன் சாமினா என்ன தம்பி அப்படியெல்லாம் நம்பிக்கை இல்லாம நாத்திகம் பேசாதிங்க ஊரெல்லாம் இந்த மாதிரி நிறைய சாமி இருக்கு நமக்கு தான் தெரியல நம்புங்க,"There is a blacksmith who comes and asks for forgiveness. As far as I am concerned, Sami has lost his mind. Samina, brother, don't talk about atheism without faith. There are many Samis like this all over town, believe me, we don't know."
audio122.wav,சின்ன மீனை போட்டு பெரிய மீனை பிடிக்கிற பணக்கார விளையாட்டு 27 வருஷத்துக்கு முன்னாடி ஒரு பெரிய மீனை கொன்னுட்டீங்க ஞாபகம் இருக்குதா அதில் ஒரு தப்பு பண்ணிட்டீங்க சின்ன மீனை தப்பிக்க விட்டீங்க என்ன நியாபகம் வரல சேதுபதி கிரிமினல் பிரியாணி சேதுபதிக்கு பொறந்த சின்ன மீன் அப்பு,A rich game where you put a small fish and catch a big fish. Do you remember killing a big fish 27 years ago? You made a mistake and let the small fish escape. What's the point?
audio123.wav,என் காதலனா விழுந்தாள்,My lover fell
audio124.wav,ஆதித்யா அருணாச்சலம் கமிஷனர் போலீஸ் மும்பை இஸ் நாட் எ ஜோக்,Aditya Arunachalam Commissioner Police Mumbai is not a joke
audio125.wav,சத்தியமா சொல்றேன் அடிச்சு அன்று பேரோட ஓட விட்டுவிடுவேன்,"I'll tell you the truth, I'll leave you to run away"
audio126.wav,கையில இருக்கியா,Is it in hand?
audio127.wav,சிறப்பான தரமான சம்பவங்களை இனிமேதான் பார்க்க போறேன்,I am going to watch more quality events from now on
audio128.wav,எவனுக்காவது பொண்டாட்டி குழந்தை குட்டி என்று சென்டிமென்ட் இருந்தால் அப்படியே ஓடிப் போயிடு கொலை காண்டுல இருக்க மவளே கொல்லாம விட மாட்ட,"If someone has the sentiment that the child is a child, he will run away and kill his daughter."
audio129.wav,நான் வீழ்வேனென்று நினைத்தாயோ ஹா ஹா ஹா,"Did you think I was going to fall, ha ha ha"
audio13.wav,மானே மானே மானே மானே மானே மானே மானே,Mane mane mane mane mane mane mane
audio130.wav,பாக்கத்தானே போற இந்த காளியோட ஆட்ட,This is the game of Kaliyoda to go to Pakhtane
audio133.wav,இத்தனை வருஷம் எங்கேயோ தூரம் இருந்தவர் இன்னைக்கு இங்கேயே எங்க பக்கத்துல இருக்கா என்ன நினைச்சுட்டு தூங்கிட்டு இருக்க என்னை பார்த்த உடனே எப்படி ரியாக்ட் பண்ணுவான் என்ன நினைப்பா அது எல்லாம் எனக்கும் போது நெஞ்சுல திக்கு திக்குனு இருக்குமா உடம்பெல்லாம் ஒரு மாதிரி இருக்கு எனக்கே கேட்குது நீதிபதி இப்ப தூங்கு,"The person who was far away for so many years is still here, where is he next to me, what is he thinking and sleeping? How will he react when he sees me? What will he think?"
audio134.wav,என் காதலனா ஹீரோ,My boyfriend is a hero
audio135.wav,ஆண்டவருடைய கோட்டு என்ன இருக்கு அந்த கோட்டை இந்த அண்ணாமலை ஜெயிப்பார் நிச்சயமாக இது அந்த திருவண்ணாமலை சிவன் மேல சத்யா,"What is the Lord's coat of arms, this Annamalai will conquer that coat, surely this is the satya of Shiva on that Thiruvannamalai"
audio136.wav,நல்லவர்கள் ஆண்டவர் சோதிப்பான் கைவிட மாட்டான்,The Lord will not forsake the tester of the good
audio137.wav,தோனி நான் கரெக்டான டைம் தான் வந்து இருக்கேன் நானும் இந்த நேரத்துக்கு தான் ரொம்ப நாளா காத்துகிட்டு இருந்தேன் திஸ் யூ ஹா ஹா ஹா ஹா ஹா மகிழ்ச்சி இந்த துணி கூட பேச மாட்டியா,Dhoni I have come at the right time and I have been waiting for this time for a long time.
audio138.wav,நான் படிச்ச படிப்புக்கு இல்லாத வேலை என் அப்பா பேரு இல்லாத வேலை என்னுடைய நாணயம் நேர்மை உழைப்பு இல்லாத வேலை இரண்டு பேர் சிபாரிசு மூலமா கிடைக்கிறது,A job without my studies A job without my father's name My currency A job without honest work I get through two people's recommendation
audio139.wav,நான் ஒரு தடவை சொன்னா 100 தடவை சொன்ன மாதிரி,"If I say it once, it's like I've said it 100 times"
audio14.wav,அப்ப நாங்க எல்லாம் வேஸ்டா எங்கள எல்லாம் ஜெயிக்கவே முடியாத இந்த உலகத்தில் முடியாதுன்னு எதுவுமே கிடையாது டா நல்லா பண்ணா யாரும் யாரையும் ஜெயிக்கலாம் இங்க திறமை இல்லாத மனுஷங்களை கிடையாது திறமையை வெளிப்படுத்தாத மனுஷன் தான் ஒவ்வொரு மனுஷனும் ஒரு திறமையும் ஏதாவது இக்கட்டான ஒரு சூழ்நிலையில் தான் வெளிவரும்,There is nothing in this world that we can't win. There is nothing that can't be done in this world. No one can win. There are no people without talent. It is the man who does not show his talent. Every man has a talent that comes out in a difficult situation.
audio140.wav,ரங்கசாமி உன் புள்ளைய இன்னும் வரல பயந்துட்டேன் டா அவன் பயந்ததை இதுவரைக்கும் நான் பார்த்ததே இல்ல அவ சொல்ல மாட்டாள்,"Rangaswamy I was afraid of your coming yet, I have never seen him afraid so far, she will not say."
audio141.wav,மலர் அண்ணாமலை,Flower Annamalai
audio142.wav,கூடவே பொறந்தது என்னைக்கும் போகாது,"Also, it doesn't work for me either"
audio143.wav,கஷ்டப்படாம ஏதும் கிடைக்காது கஷ்டப்படாம கிடைக்கிறது என்னைக்குமே நிலைக்காது,Nothing can be obtained without suffering
audio144.wav,ஐ அம் ரியலி ஹாப்பி அவ்வளவு சீக்கிரம் சாக மாட்டான் இந்த கபாலி ரொம்ப கெட்டவன் தான் என் பொண்ணு இன்னைக்கு என்கூட யூ வில் மீட் சோர் எப்படா,I'm really happy he won't die so soon this kabali is very bad my girl even today you will meet me sad
audio145.wav,பேரி மிதிச்சு ஏரியா வாங்குவதில்லை மூச்சு கூட வாங்க முடியாது,"Bari doesn't buy mithichu area, can't even buy breath"
audio147.wav,இன்னைக்கு தான் நான் நிம்மதியா தூங்க போறேன் ஆனா நீங்க மகிழ்ச்சி,For today I will go to sleep peacefully but you are happy
audio148.wav,இன்னொரு தடவை இந்த பக்கம் நான் உன்னை பார்த்தேன் பார்த்த இடத்திலேயே குழி தோண்டி புதைத்து விடுவேன் நான் ஒரு தடவை சொன்னா 100 தடவை சொன்ன மாதிரி,One more time I saw you on this side I'll dig a hole and bury you right where I saw you If I've said it once it's like I've said it 100 times
audio149.wav,இன்னைக்கு நான் இவ்ளோ பவர்ஃபுல்லா என்னை உணர என்ன அதுக்கு அவ தான் காரணம் என்ன மோட்டிவேட் பண்ணிட்டே இருப்பா சின்ன சின்ன விஷயங்களை கூட,Why am I so powerful today? Is it because of her that she motivates me even for small things?
audio15.wav,உலகத்திலே நமக்கு துரோகம் நினைக்காத ஒரே ஜீவன் எங்க அம்மா அப்பா மட்டும் தான் அவங்கள நம்பு வேற யாரையும் நம்ப,"The only person in the world who does not betray us is our mother and father, trust them and no one else"
audio150.wav,துப்பாக்கி தொலைத்துவிட்டு துப்பட்டாவை தொடுக்க பீரங்கியை விட்டுவிட்டு பெண் அங்கேயே தொடுங்கள் எதற்கு யுத்தங்கள் ஏன் இந்த ஆயுதங்கள் காதல் எதிரிகளையும் நேசிக்க கற்றுத் தரும் எல்லோரும் காதலியுங்கள் ஹா ஹா ஹா ஹா ஹா,Lose the gun and touch the dupatta Leave the cannon Girl touch it there Why wars Why these weapons Love teaches us to love our enemies Everyone love ha ha ha ha ha
audio151.wav,உன்ன முதல் தடவை பார்த்தப்போ சத்தியமா சொல்றேன் உனக்கு மேல இருந்த நிலா போயிட்டு அவுட் ஆயிடுச்சு யாரை பின்னி எடுத்துட்டு சம்மர் சால்ட் எல்லாம் அடிச்சேன் தெரியுமா,"When I saw you for the first time, I can tell you the truth, the moon that was above you went out, you know who I pinned and hit all the summer salt."
audio152.wav,உலகத்தில் எவ்வளவு பொண்ணுங்க இருந்தோம் ஜெசி லவ் பண்ணேன் என்கிட்ட பதிலே கிடையாது,I don't have an answer for how many girls in the world I love Jessie Pannen
audio153.wav,சரி இன்ஜினியரிங் எப்ப ஜாயின் பண்ணனும் அப்பவே எனக்கு தெரிஞ்சு போச்சு சார் அதெல்லாம் வேலைக்கு ஆவாது சினிமா சினிமா சினிமா சினிமா சினிமா தான்னு,"Well, when I joined engineering, then I realized sir, it will not work, cinema, cinema, cinema, cinema."
audio154.wav,மச்சான் அவன் பசு பேசாத ஏதோ செய்வான் பொண்ணுங்க சிம்பிளா தேங்க்ஸ் ன்னு சொல்லிட்டு போயிடும் சப்பை எவ்வளவுதான் உனக்கு உயிரையே இழுத்துட்டு அதுக்கு பேரு தான்,"Man, he will do something that the cow does not say, girl, saying simply thanks and leaving, how much the sap will take your life and that is the name."
audio155.wav,நான் லவ் பண்ணதுல தப்பு பண்ணல யாரை லவ் பண்றேன்னு தான் தப்பு பண்ணிட்டேன் நான் ஒரு பொண்ண லவ் பண்ணி இருக்கணும் ஆனா நான் உன்ன லவ் பண்ணிட்டேன் என் லவ் ஃபெயிலியர் ஆயிடுச்சு என்பதற்காக சோக பாட்டு பாட்டு தண்ணி அடிச்சுட்டு தாடி வளர்த்துட்டு ரோட்டில் இருந்து என்னை லவ் பண்ண பொண்ணு விட்டு போயிட்டாங்க அவங்களோட என்னை சேர்த்து வைங்க என்று போலீஸ் ஸ்டேஷன் பஸ் இல்ல கோர்ட் வாசல்ல போய் நிப்பேன் பாத்தியா சிங்கம் ஒன்னு சொல்றேன் நல்லா கேட்டுக்கோ வாழ்க்கையில நம்மளுடைய பஸ்ட் லவ் ஜெய்க்கு தான் தோக் தான் என்கிறது முக்கியம் இல்ல லாஸ்ட்டா நம்ம சாவும் போது நமக்காக ஒரு லவ் உண்மையாக இருந்து தான் முக்கியம் எனக்கு இருக்கும் கண்டிப்பா நான் திரும்ப லவ் பண்ணுவேன் உன்னை விட சூப்பரா அழகா நச்சுன்னு கும்முனு ஜம்முனு ஒரு பொண்ண நான் தேடி போக மாட்டேன் அந்த ஆண்டவனே பார்த்து கொடுப்பான் அவளோட சந்தோஷமா வாழ்ந்து காட்டுல நான் பல்லு வாங்குற பல்லவன் அடி என்ன பாக்குற லெப்ட்ல விட்டா ரைட்ல திரும்பிக்கோ வரட்டா,"I didn't make a mistake when I fell in love, I made a mistake in who I fell in love with. I should have fallen in love with a girl, but I fell in love with you. Because my love failed, I sang a sad song. No, I will go to the court door, I will say one thing, I will tell you one thing. Listen, it is important to our best love Jay in life. No, last, when we die, it is important that we have a true love for us. I won't go looking for it, the Lord will see to it, live happily with her."
audio156.wav,அடேங்கப்பா,Adengappa
audio157.wav,பசங்க எல்லாம் என்ன நினைச்ச உன்னை மாதிரி ஒரே பொண்ணு லவ் அப்ப நீ ஒரே பொண்ண கல்யாணம் பண்ணி உங்களுடைய குப்பை கூட்டம் நினைச்சா து அதெல்லாம் ஓல்டு மா நாங்க எல்லாம் லேட்டஸ்ட் ஜெனரேஷன் அட் எ டைம் 20 செலக்ட் பண்ணுவோம் அதுல பாத்தா பண்ணுவோம் அந்த ஒர்க் அவுட் பண்ணுவோம் மூணு பிக்கப் பண்ணுவான் உனக்கு தான் இது ஃபர்ஸ்ட் டைம் நமக்கு இது சோமனி டைம்ஸ் நான் பாக்காத பொண்ணுங்களே வல்லவன் என்கிற ஒரு பெயர் தான் உனக்கு தெரியும் நமக்கு பொண்ணுங்க மத்தியில இன்னொரு பேர் இருக்கு,"Let's say, what do you think, love only one girl like you, then you marry only one girl and think of your garbage group, that's all old ma, we are all the latest generation at a time, 20, let's select 20, let's work out, let's work out, three will pick up for you, this is our first time. Somani Times I know there is one name called Ponnungale Vallavan that we do not see, there is another one among our girls"
audio158.wav,லவ் ஃபெயிலியர் ஆயிடுச்சு என்பதற்காக சோக பாட்டு பாடு தண்ணி அடிச்சுட்டு தாடி வளர்த்துட்டு ரோட்டில் செட் பண்ணி வச்சுக்க இல்ல என்னை லவ் பண்ண பொண்ணு விட்டு போயிட்டாங்க அவங்களோட என்னை சேர்த்து வைங்க என்று போலீஸ் ஸ்டேஷன் வாசலில் இல்ல கோர்ட் வாசல்ல போய் நிப்பேன் பாத்தியா சிங் ஒன் டே,"Sing a sad song because of love failure, beat the water, grow a beard, set up on the road, don't let the girls leave me to love me, keep me with them."
audio159.wav,ஏய் ஆனா ஒன்னு மட்டும் சொல்றேன் டி நல்லா கேட்டுக்கோ என்ன வேணான்னு சொல்லிட்ட இல்ல என்ன போன் சொல்லிட்ட இல்ல என்னை திரும்ப பார்க்க வரமாட்டேன்னு ரோஷம் உள்ளவன் சத்தியமா வரமாட்டேன் போறேன் வரவே மாட்டேன் எனக்கு தெரியும் திரும்ப வருவேன் லவ் பண்ணிட்ட இல்ல என் கதையில் என்ன நடக்குதுன்னு எனக்கே தெரியல,"Hey, I'll tell you just one thing. Listen, I didn't say what I wanted. I didn't say anything. I didn't say anything on the phone. He's angry that he won't come back to see me. Honestly, I won't come. I'll never come back. I know I'll come back."
audio16.wav,காஞ்சு போச்சு எனக்கு எல்லாம் வறண்டு போச்சு கொஞ்ச நேரம் உன் அழகான உதட்டை என் கிட்ட கொடுத்து நான் உயிர் பிழைப்பேன்,"Kanju is gone and everything is dry for me, give me your beautiful lips for a while and I will survive"
audio160.wav,பிரிச்சு மேஞ்சிடுவோமில்லே,Let's not get rid of it
audio161.wav,சத்தியம் பண்றதை உடைப்பதற்கு தான்,Just to break an oath
audio162.wav,எனக்கு எந்த பிரச்சினையும் வேண்டாம் இப்போ எனக்கு இது வேண்டாம் தெரியுதா டா,I don't want any problem now I don't want this don't you know
audio163.wav,சுடிதார் போட்டு போறவங்க எல்லாம் நல்லவங்களும் கிடையாது ஜீன்ஸ்ல சுத்துற எல்லாம் கெட்டவனும் கிடையாது,Not all those who wear sutidar are good and not all those who wear jeans are bad
audio164.wav,இங்க என்ன சொல்லுது ஜெஸ்ஸி ஜெஸ்ஸி சொல்லுங்க அதுதான் காதுல கேக்கணும் காதுல அவர்கிட்ட எப்படி சொல்ல போறேன் என்றதை யோசி நெக்ஸ்ட்,"What are you saying, Jessie, Jessie, tell me, that's what I want to hear. Think about how I'm going to tell him next."
audio165.wav,அது,It is
audio166.wav,இப்பதான் பொண்ணுன்னு இதயத்தில் லாக் பண்ணிட்டோம்னு சொன்னா அதுக்கப்புறம் எவன் வந்தாலும் கேட்டுக்கு வெள்ளைதான்,"If you say that you have just locked the girl in your heart, then whoever comes will listen to you."
audio17.wav,நான் இதை சொல்லியே ஆகணும் நீ அவ்வளவு அழகு இங்கே எப்படி இவ்வளவு அழகாக ஒரு இவ்வளவு அழகா பார்த்திருக்க மாட்டாங்க அதனால்,"I have to say this, you are so beautiful, how come you have never seen such a beautiful woman here"
audio18.wav,லோக்கல்,local
audio19.wav,சிங்கத்தை போட்டோல பார்த்திருப்பேன் சினிமால பாத்திருப்ப டிவில பார்த்திருப்பேன் ஏன் கூண்டுல கூட பார்த்திருப்பேன் கம்பீரமா காட்டுல நடந்து பாத்துருக்கியா வெறித்தனமா தனியா ரெண்டு பேரும் பாத்துருக்கியா ஓங்கி அடிச்சா ஒன்றரை டன் வெயிட்டுடா பாக்குறியா பாக்குறியா பாக்குறியா,"I have seen a lion in a picture, I have seen it in a movie, I have seen it on TV, why I have seen it in a cage, majestic, walking in the forest, wild, alone, two of them, one and a half tons, and weighing one and a half tons."
audio2.wav,பங்காளி கலா அடிச்சு தூக்கலாமா,Can the partner lift the blow?
audio21.wav,ஒரு தவறு செய்தால் அதைத் தெரிந்து செய்தால் தேவன் என்றாலும் விடமாட்டேன்,"If you make a mistake and know it, even God will not let you go"
audio22.wav,நம்மளுக்கு தெரிஞ்சவங்களுக்கு ஏதாவது ஒன்னு பசு சும்மா இருக்க முடியுமா அவன் நல்ல பொண்ணுடா அந்த பொண்ணு கேளு ஒரு வேலை வாங்கி சாப்பிட்டு இருக்கோம்ல,"We want to know something, can a cow be idle? She is a good girl. Ask that girl."
audio23.wav,எதிர்பாக்கல இல்ல நான் திரும்ப வருவேன் எதிர்பார்க்கல இல்ல அதை எப்படி வருவேன்னு எதிர்பார்க்கல இல்ல நான் கேட் கேம்,"I don't expect to come back, I don't expect to come back, I don't expect to come back"
audio24.wav,மங்கா,Manga
audio25.wav,நான் உன்னை ஏமாத்த போறேன் தெரிஞ்சும் ஏன் என்னை கூட்டிட்டு வந்து மோட்டிவேஷன் பணத்தை அடிக்கிறது இல்ல மாஸ்,"I know I am going to deceive you, why do you bring me along, motivation is beating money, Illa mas."
audio26.wav,ஹலோ ஹலோ எப்படி போயிட்டு இருக்கு,Hello hello how are you doing?
audio29.wav,ராஜு டா நான் சாகனும் அது நான் தான் முடிவு பண்ணனும் நீ சரவணன் தான் முடிவு பண்ணனும்,Raju da I will die and it will be decided by me and you will decide by Saravanan
audio3.wav,ஆம்பளைங்க மனச கடவுள் தயார் செஞ்சிருக்கான் ஆனா இந்த பொண்ணுங்க மனச சைனாக்காரன் தயார் செஞ்சிருக்காங்க,"Yes, the mind god is prepared, but this girl is the Chinese mind."
audio30.wav,வில்லு பவர்ஃபுல் ஹா ஹா ஹா ஹா,Vilu is powerful ha ha ha ha
audio31.wav,உங்களுக்கு என்ன கொடுக்க முடியும் தெரியல ஆனா இருக்கிறது கொடுப்போம்,We don't know what we can give you but we will give it
audio32.wav,தலைவன் கிறது நாம தேடி போற விஷயம் என்ன நம்ம தேடி வர விஷயம்,"The leader becomes what we are looking for, what we are looking for"
audio34.wav,இந்த தடவை முழுசா கதை,This time it's the whole story
audio35.wav,என்னை பார்த்தால் குடிகாரனா தெரியு,You can tell I'm a drunkard by looking at me
audio36.wav,ஒரு தடவை நமக்கு கத்தி வந்துருச்சுன்னா உனக்கு ஆக்கும் இல்லை,"Once we get yelled at, you can't help it"
audio37.wav,சில விஷயங்கள் கேட்கிறத விட பாக்குறது தான் ட்ரில்லிங் இருக்கும் சீ மீனா சுடனும் முடிவு பண்ணா சுடனும் அதை விட்டுட்டு யாரு என்னனு நின்னுகிட்டு பிளடி ஃபூல்,Some things are better to see than to hear.
audio38.wav,ஒருவாட்டி முடிவு பண்ணிட்டேன்னா என் பேச்சை நானே கேட்க மாட்டேன்,"If I make a decision, I will not listen to myself"
audio39.wav,நீ பற்ற வைத்த நெருப்பொன்று பற்றி எரிய உன்னை கேட்கும் நீ விதைத்த வினையெல்லாம் உன்னை யாரு இருக்கா காத்திருக்கும்,A fire that you have lit will ask you to burn and all the seeds you have planted will be waiting for you
audio4.wav,22 வருஷமா இருந்த ஊர்ல நிலம் ஒரு நிமிஷம் கூட இருக்க முடியல ஏன் அவராலே இருக்க முடியல,Why can't the land stay in the town for 22 years even for a minute?
audio40.wav,உங்கள இந்த ஏரியா மாமா நினைச்சேன்,I thought of this area of ​​yours
audio41.wav,சர்ச் ஜோக்,Church joke
audio42.wav,நான் தான் எனக்கு பொண்ணு பார்க்க போறேன் அழகு என்றது கண்ணுக்கு தானே மனசுக்கு இல்லையே பார்க்கும்போது மனசுல இருக்கிற காதல் இல்லாமல் போயிடும்,I am going to see my daughter. Beauty is not for the eyes but for the mind.
audio43.wav,உயிர் மேல ஆசை இருந்தா ஓடிப் போயிடு இல்ல இல்ல பீஸ் பீஸா வெட்டிடுவேன்,"If I have a desire for life, I will run away or cut a piece of pizza"
audio44.wav,ஆனால் ஆட்டம் கோதா போட்டி பந்தயம் வந்துட்டா சும்மா சொல்லி அடிப்பேன் கில்லு கில்லு மாதிரி முடிவு பண்ணி இறங்கிட்டேன் ஃபீல் பண்ண மாட்டேன் பேக் அடிக்க மாட்டேன் ஒன்ஸ் பிக்கப் ஆனா தான் போய்க்கிட்டே இருப்பேன் ஜாக்கிரதை,"But if the match comes, I will just say it, I will hit it like Killu Killu. I will go down. I will not feel."
audio45.wav,சிங்கிளா வந்திருக்கிறான் இவன் என்ன ப்ரூஸ்லீ ஜெட்லீ கில்லிட,Singla has come. What is this?
audio46.wav,ஜெயிக்கிறதுக்கு முன்னாடியே கொண்டாடுவோம் ஜெயிச்சதுக்கு அப்புறம் நம்ம அகராதியில் எல்லாம்,"Let's celebrate before winning. After winning, everything is in our dictionary"
audio48.wav,ஏய் நாங்க அப்பன் பேச்சை கேட்க மாட்டோம் அது வயசு ஆனாதே அப்பனுக்கு ஏதாவது பிரச்சனைன்னு வை எவன் பேச்சையும் கேட்க மாட்டான்,"Hey, we don't listen to my father. He's not old. He doesn't listen to anyone."
audio49.wav,எங்கேயோ இருந்து வந்த ஒருத்தன் நம்மள ஏமாத்தி நம்ம இடத்தை புடிச்சு நம்ம தலை மேல ஏறி உட்கார வரைக்கும் எல்லாமே தன்னால சரியா நினைச்சு நம்ம சும்மாவே இருந்துருக்கும் துருப்பிடித்து நம்மளோட உரிமை என்பது இன்னொருத்தன் கிட்ட கேட்டு வாங்குற பிக்சர் கிடையாது அது நம்முடைய உரிமையை தடுக்கும் நினைச்சா தடுக்கிற அவன் மூஞ்சியை விட்டுட்டு அவன் மூளையை அடிச்சு உடைக்கணும் அப்பதான் அடுத்து வரவ உனக்கு அப்படி யோசிக்க வேண்டும் என்கிற எண்ணமே வராது எப்பவுமே மெயின் சுவிட்ச் தான் மாஸ்ட்,"Until someone who comes from somewhere deceives us and climbs on our head and sits on our head, everything is fine with him. There is no need to think about it, the main switch is always the mast"
audio5.wav,இந்த உலகத்தில் சுருக்கமான காதல் கதைகள் உன்னால் என் மனம் அடைந்தது பாதை உன்னால் என் மனதை காதல் நினைப்பு,Brief love stories in this world because of you my heart reached the path because of you my heart thought of love
audio50.wav,தொழிற்சாலையில் இயங்கினால் தான் இங்கே விவசாயமும் மக்களும் வாழ முடியும் அப்படின்னு நம்மள நம்ப வச்சுட்டாங்க விவசாயம் பண்ணா மட்டும் தான் இங்க தொழிற்சாலைகள் இயங்க முடியும் அதுதான் உண்மை இந்த மண்ணுல தான் எல்லா தொழிற்சாலைக்கும் தேவையான மூலப்பொருள் எல்லாம் விளையுது அதை வாங்கி வியாபாரம் பண்ற அத்தனை பேரும் லாபம் பாக்குறாங்க அந்த விவசாயம் பண்ற விவசாயி மட்டும் நஷ்டத்தை சந்தித்து தூக்கு மாட்டிகிட்டு சாக,"We have been led to believe that agriculture and people can live here only if the factory is run. Only if there is no agriculture, the factories can run here. That is the truth. All the raw materials required for every industry are grown in this soil and all the people who buy it and do business make profit."
audio51.wav,ஒரு நாள் ஒரு ஆள புலி துரத்த ஓட ஒரு இடம் இல்லாமல் மேடை தாண்டி சரிவில் பாஞ்சி அங்க மரம் விருந்து என்னை விட்டு கிளறி விட்டு கிடைத்ததற்கு தெரியும் என்னடா எழவு வாழ்க்கை உன் மேல பார்த்தால் அந்த தேன் கூட்டில் இருந்து ஒரே ஒரு துடித்தேன் இப்படி பக்கத்துல வந்து விழுந்தால் மேலே சாவு அங்கே இருந்தால் அழிப்பது எப்படி பாம்பாவது பள்ளம் ஆவது புண்டையாவது உசுரு போனா மசுரு போச்சுன்னு கவலையே படாம நான் கன்னித்தேன் எனக்கு சொன்னால்,"One day, a man chased a tiger without a place to run across the platform and the banchi tree feast left me. If you tell me, I am a virgin without worrying that Masuru is gone"
audio52.wav,ஒரு நாள் ஒரு ஆள புலி துரத்தாமல் ஓட ஒளி இடமில்லாமல் மேடை தாண்டி சரிவில் பாஞ்சு அங்க மரம் இருந்து இலையை விட்டு கிளையை விட்டு கடைசியில் சிக்குன்னு கூடி புடிச்சு தொங்க அந்த கொடி பாம்பு என்று தெரியும் மேலே போய் கீழே படும் அங்கே இருக்கலாம் என்னடா எழவு வாழ்க்கை நான் உன் மேல பார்க்க அங்கு ஒரு தேன் கூட இருந்துச்சுன்னா அதுல இருந்து ஒரே ஒரு துளி தேன் நழுவி ஒழுகி அவன் வாய் பக்கத்துல வந்து விழுந்துச்சு,"One day there was no place for a tiger to run without any light, and there was no place for light. A single drop of honey slipped and fell near his mouth"
audio53.wav,சினிமாவில் நீங்க சொல்லுவானுங்க நீ செஞ்சுட்டா இல்ல,In the movie you say you are not Senchuta
audio54.wav,ஒரு நாள் ஒரு ஆள புலி துரத்தாமல் ஓட ஒளி இடமில்லாமல் மேடை தாண்டி சரிவில் பாஞ்சு அங்க மரம் இருந்து இலையை விட்டு கிளையை விட்டு கடைசியில் சிக்குன்னு கூடி புடிச்சு தொங்க அந்த கொடி பாம்பு என்று,One day there was no place for a tiger to run without any light and there was a bamboo tree on the slope.
audio55.wav,ஒரு நொடி பாம்பாவது பள்ளம் ஆவது புண்டையாவது உசுரு போனா மசுரு போச்சுன்னு கவலையே படாமல் நாக்கை நீ தேன் எனக்கு அழகான சொன்னால்,"Don't worry about whether a snake or a hole or a hole is gone, if you say it's beautiful to me with your tongue, honey."
audio56.wav,டேய் நிறுத்துடா,Hey don't stop
audio57.wav,இன்னும் இந்த உலகத்துல விலை போகாத உண்மையும் வளையாத நேர்மையும் இருக்குடா நண்ப,"There is still priceless truth and unbending honesty in this world, my friend"
audio59.wav,ஹலோ எக்ஸ்கியூஸ் மீ,Hello excuse me
audio6.wav,ஹேய் இந்த கெட்டப் பிளவை என்னை பாக்குறா அழகுல அவ தோக்கு அப்புறம் கழுத்துல தொங்குற,"Hey, don't look at me with this bad cleavage, it's beautiful, and then hang it on my neck"
audio60.wav,புருஷோத்தமா ராவணன் சீரியல் தூக்கிட்டு வந்து கை படாம பத்திரமா வைத்திருந்தன காப்பாற்றி கொண்டு போய் அவளை சந்தேகத்துக்கு போட்டு எரிச்சலா அவனை கடவுள் சொல்கிறோமா மாமா கெட்டவனா ராவணன் கெட்டவனா ராவணன் கேட்டவன் முடியும் இந்த கதை ராமனும் நான்தான் ராவணன் நான்தான்,Purushottama Ravanan lifted the serial and came and kept her safe and kept her safe and took her away and put her under suspicion and angered him.
audio61.wav,புருஷோத்தமா ராவணன் சீரியல் தூக்கிட்டு வந்து கை படாம பத்திரமா வைத்திருந்தன காப்பாற்றி கொண்டு போய் அவளை சந்தேகத்துக்கு போட்டு எரிச்சலா அவனை கடவுள் சொல்கிறோமா மாமா கெட்டவனா ராவணன் கெட்டவனா ராவணன் கேட்டவன் முடியும் இந்த கதை ராமனும் நான்தான் ராவணன் நான்தான்,Purushottama Ravanan lifted the serial and came and kept her safe and kept her safe and took her away and put her under suspicion and angered him.
audio62.wav,தந்தூர் புலி பஸ் சாலும் புல்ல தின்னக்கூடாது புலிக்கு பசி எதுனா பக்கத்துல புல் இருந்தா திங்க நண்டு புள்ள தின்னுட்டு உயிர் வாழ்ந்து,"Tandoor tiger should not eat grass, if tiger is hungry, if there is grass next to it, it will live by eating crabs."
audio63.wav,ஒரு ஊருல ஒரே ஒரு வீரா அவன் பேரே ஆகாசம் கூடம் பேரு சொல்ல மூச்சில் வாழ்க்கை இல்லை அதையே பங்காளி,"There is only one hero in a town, his name is Aagasam Kudam, there is no life in the breath to tell the name, that is the partner."
audio64.wav,காச கூட்டிட்டு பழகுற நாய் நீ பேசாத,You don't talk to a dog who collects money
audio65.wav,ஐயையோ எங்கயாவது யார் இந்த அளவுக்கு தான்யா லவ் மேட்டர் இல்ல நான் வர்றதே இல்ல லூசு எருமை வந்துட்டோம் ஆனா நினைச்சிட்டேன்,Aye or somewhere who is this much Tanya love matter no I never came Lusu Buffalo came but I thought
audio66.wav,இப்போ மேக்சிமம் படத்துல ரவுடி தான ஹீரோ அப்போ ஹீரோ யாரு கரெக்ட் ஒரு கெட்ட போலஸ் ரவுடி மாதிரி ஒரு நல்ல ரவுடி போலீஸ் மாதிரி நமக்கு ஒரு நல்ல ரவுடி இருந்தா போதும்,"Now in the movie Maximum, Rowdy is the hero, then the hero is Yaru Correct, a bad bolus like Rowdy, a good rowdy like a policeman, if only we had a good rowdy."
audio67.wav,கார்த்திகை தீபம் குமுதா வீட்டுக்கு போய் அம்மா அம்மா எப்படிம்மா கம்முனு இருக்குது அண்ணா இது என்னடா குமாரு அந்த பொண்ணு மனசு வந்து ஐடியா பண்ணி அக்கம் பக்கத்துல எல்லாம் விளையாடலாம்,"Kartika Deepam goes to Kumuda's house, mother, mother, how is Kammunu, brother, what is this, Kumaru?"
audio68.wav,கேம்,Cam
audio69.wav,கதவு பேபி,The door baby
audio7.wav,அடிப்பாவி அப்புறம் எதுக்கு போகும்போது வரும்போது என்ன திங்கிற மாதிரி பார்த்தியா என் பார்வையே அப்படித்தான்,"Atipavi then, when he was going to what he was coming, he looked like a swallow, my view was the same"
audio70.wav,என்னாச்சு என்னாச்சு நீங்க தான் சொல்லணும் பின்னாடியே போன கால் ஸ்லிப் ஆகி கீழே விழுந்தன ஓகே ஓகே ஓகே ஓகே ஓகே இங்க அடிபட்டிருக்கும் இங்க தான் இருக்கு இங்க அடிபட்டால் ஷாப்ல டெம்பரேச்சர் வரும் ஆட்டோமேட்டிக்கா,What is that?
audio71.wav,என் பொண்டாட்டி பண்ணி கொடுத்த சக்தி எடுக்காம இருக்கேன் எடுத்தேன் குறுக்க எவன் வந்தாலும் குத்த வேண்டாம்,I am not taking the power given to me by my godfather
audio72.wav,என்னாச்சு இவருக்கு காலைல எத்தனை மணிக்கு கேளுங்க 7:00 மணிக்கு வாக்கிங் போயிருவாரு ஆனா நமக்கு இது 5:00 மணி குமுதா எந்திரிச்சு கோலம் போடுறேன் எங்க எந்திரிச்சு பல் வலிக்கு மூஞ்சி எல்லாம் லேட்டாக சொல்லிட்டு அவன் முன்னாடி அப்படியே பப்பரப்ப போய் நிப்பேன் சொசைட்டி,"I mean, ask him what time in the morning, he would go for a walk at 7:00, but for us it's 5:00."
audio73.wav,குமுதா போனை போட்டு சொம்பு தண்ணியை குடிக்கிற மாதிரி புடிச்சு என்னை அடிக்க மாட்டேன்னு அது கூட என்ன சொல்லி இருக்க சொல்லுடா குமுதா குமுதா ஹாப்பி பர்த்டே நீ எப்படி டிரஸ் ஆகுறீங்க,Kumuda puts the phone on and drinks aniseed water. Don't tell me what it says that you won't hit me. Kumuda Kumuda Happy Birthday. How are you dressed?
audio74.wav,அவ்ளோ பிடிக்கும் எனக்கு அவ்ளோ பிடிக்கும் எனக்கு அவ்ளோ மட்டும் தான்,"I like that, that's all I like"
audio75.wav,மாடு பிடிக்கிறது எல்லாம் கல்யாணம் பண்ணிக்க மாட்டான்,He does not marry anyone who likes cows
audio76.wav,இது அண்ணா வாழ்க்கை தெரியவில்லை,This is not the life of Anna
audio77.wav,எண்ணிக்கை எப்போதுமே வாழ்க்கை முறை படத்துல எண்ணம் தான் முடிவு பண்ணும் எண்ணம் போல் வாழ்க்கை உன்கிட்ட படைபலம் இருக்கலாம் ஆனால் உன்னை ஜெயிக்கிறதுக்கு காரணம் என் கிட்ட இருக்கு காரணம் சரியா இருந்தா அந்த கடவுள் துணையா இருப்பார்,The number is always the thought in the life style movie the thought decides the life like the thought you may have the strength but the reason that overcomes you is with me if the reason is right then God will be your partner
audio78.wav,எனக்கு தெரியாம இருக்காங்க எனக்கு தெரியாது நான் எடுத்த காரியத்தை செஞ்சு முடிச்சிட்டு திரும்பி வர சொன்னேன் நீ நம்பிக்கை காத்துகிட்டு இருக்க பாரு அந்த நம்பிக்கை ரெண்டு ஒவ்வொரு முறையும் ஜெயிக்க வைக்குது,"I don't know, I don't know, I told you to come back after completing the work you have done, you have faith, see, that faith makes you win every time."
audio79.wav,அப்படியெல்லாம் நடக்காது நடக்கக் கூடாது,Such things should not happen
audio8.wav,நான் அப்படியே பைக் எடுத்துட்டு டம் டம் டம் பிரியாணி சாப்பிட்ட ஆபீஸ் போயிருவாங்க,I just took the bike and went to the office where I ate dum dum dum biryani
audio80.wav,எதிரிகள் எத்தனை பேர் வந்தாலும் சமாளிச்சு இருக்கேன் ஆனா துரோகிகளை சமாளிக்க இப்பதான் கத்துக்குறேன்,"No matter how many enemies come, I have dealt with them, but now I am shouting to deal with the traitors"
audio81.wav,ஆயிரம் எதிரிங்க வந்தாலும் எதிர்த்து நிற்க முடியும் ஆனால் துரோகம் நடக்கறப்ப நண்பன் எப்படி சந்தேகப்பட முடியும் நட்புல சந்தேகம் வரக்கூடாது சந்தேகம் வந்தா அது நட்பே கிடையாது,"You can resist even if you face a thousand enemies, but how can a friend be suspicious when betrayal happens? In friendship, there should be no doubt."
audio82.wav,சாவுக்கு பயந்தவனுக்கு தினம் தினம் சாங் எதுக்குமே பயப்படாதே ஒரு தடவை,"For the one who is afraid of death, day by day, Chang is not afraid of anything for once"
audio83.wav,உன்னோட புத்திசாலித்தனத்தை பார்க்க முடியும் அழிக்கவும் முடியும் நான் அழிக்கப்,I can see and destroy your intelligence
audio84.wav,இப்பதான் ஆரம்பிச்சிருக்கோம்,We have just started
audio85.wav,ஏண்டா வெள்ள பன்னி எந்த வேலையும் செய்யாம தகுதியான படிப்பும் இல்லாமல் உங்க அப்பா பணக்காரன் ஒரே காரணத்தினால் நோகாம நேரா முதலாளி சீட்டில் உட்கார்ந்து உனக்கே இவ்ளோ திமிரு இருக்கு அப்பா அம்மா கஷ்டப்பட்டு ஸ்கூலுக்கு டொனேஷன் கட்டி எல்கேஜி லிருந்து 10 ஆவது வரைக்கும் ஃபெயில் ஆகுமா படிச்சு பத்தாவது ஈஸியான குரூப் எல்லாம் விட்டுட்டு இந்த குரூப் எடுத்தாதான் இன்ஜினியர் ஆக முடியும்னு கஷ்டமான குரூப்பா எடுத்து பிசிக்ஸ் ஒரு டியூஷன் கெமிஸ்ட் ஒரு டியூஷன் மேக்ஸ் ஒரு டியூஷன் ரோடு அலஞ்சு அதுக்கு பீஸ் கட்ட பெத்தவங்களை வேற ரோடு அலைய விட்டு பப்ளிக் எக்ஸாம்ல பாஸ் ஆகுறதுக்கு நைட் எல்லாம் பிளாஸ்கில் டீ வைத்து படித்து காலைல அலாரம் வச்சு எந்திரிச்சு படிச்சு அதுல வாங்குற மார்க் எல்லாம் பத்தாம டிஎன்பிசி எக்ஸாமுக்கு வேற தனியா ஒரு ரெண்டு மாசம் உட்கார்ந்து படிச்சு அதுல வாங்குற கட் ஆஃப் மார்க் யூஸ்ல போயி அம்மா நகையை அடமானம் வச்சு காலேஜ்ல சீட்டு வாங்கி ஃபர்ஸ்ட் இயர்ல இருந்து ஃபோர்த் இயர் வரைக்கும் வச்சா அரியர் எல்லாம் ஃபோர்த் இயர்ல மொத்தமா கிளியர் பண்ணி இந்த சொசைட்டி குள்ள நுழைஞ்சா இந்த சொசைட்டி என்னை வேலை இல்லைன்னு செருப்பால அடிச்சு ரோடு ரோடா வேலை தேடி அலைஞ்சு மூணு வருஷம் நாலு வருஷம் வீட்ல தண்டமா உக்காந்து அப்பா என்னை தண்டச்சோறு தண்டச்சோறு திட்டி சாப்பிடுற ஒவ்வொரு சாப்பாடும் தொண்டையில் சிக்கி சிக்கி வலிச்சு வலிச்சு இறங்கி எவனோ ஒரு புண்ணியவான் கடைசியில ஒரு நல்ல மனுஷன் எனக்கு வேலை கொடுத்து அதையும் புடுங்கிட்டு நினைக்கிற உன்ன மாதிரி ஒரு பொறம்போக்கு எல்லாம் சமாளிச்சு இன்னைக்கு உன் முன்னாடி நின்னு பேசிட்டு இருக்குற வேலை இல்ல பட்டதாரி எனக்கு எவ்வளவு திமிரா இருக்கும்,"What a flood bunny, your father is rich without doing any work and without any proper education, because of one reason, you are sitting on the seat of a straight boss. I took Physics, a tuition, a chemist, a tuition, Max, a tuition, a road, a road to build a piece of wood, and to pass the public exam, I read all night with tea in a flask, and in the morning I set an alarm, I studied all the marks to get it, and for the tenth TNBC exam, I sat and studied alone for two months. I went to buy cut off mark use, mortgaged my mother's jewels, bought tickets in college, cleared everything from the first year to the fourth year, cleared everything in the fourth year and entered this society. Dad scolds me for every meal I eat, stuck in my throat, stuck in pain, finally someone is a good man, a good man gave me a job and that too."
audio86.wav,உயிரோட விட்டா நமக்கு ஏதாவது பிரயோஜனம் இருக்குது நீங்க என்ன உயிரோட விட்ட நான் உங்களை உயிரோட விடுறேன்,"If you let us live, we will have some use. What you let live, I will let you live"
audio87.wav,ஏய் அம்மா என்னம்மா நடிக்கிற மாதிரி பேசி பேசி சிரிச்சு சிரிச்சு செஞ்சிடலாம் சும்மா கீழ ரொம்ப அழகா பண்ணிட்டான்,"Hey mom, let's talk, talk, smile, smile, pretending to act, he's so cute."
audio88.wav,அதாவது ஒருத்தன் தூங்கிட்டு இருக்கும்போது ஒரு கொசு வந்து கிடைச்சதுன்னு வச்சுக்க ஏன் அந்த கொசு பெரிய ஆள் கிடையாது ஒரு நாள் முழிச்சிட்டு இருக்க சொல்ல கடிக்கும்போது பட்டுன்னு அடிச்சா பொட்டுன்னு போயிடும் ஒரு நாள்,"That is to say, a mosquito comes while one is sleeping, why is that mosquito not a big person? One day, when it bites, it gives off silk and leaves."
audio89.wav,முதல் முதல் ஒரு பொண்ண பாத்தா வந்துச்சு லேடிஸ் மேல கை வைக்க கூடாதுன்னு கொள்கை அதான் உட்ட,"First of all, the policy is that a girl should not come and lay hands on a lady"
audio9.wav,லைஃப்ல எதுவுமே சரியா நடக்காது லூசுன்னு நடந்து ரெண்டே நல்ல விஷயம் உன்னை அம்மா என்னை உனக்கு கீதா இருக்கிற ஒரு வாழ்க்கையா அவ கூட சந்தோஷமா வாழனும்னு ஆசைப்பட்டேன்,Nothing is going right in life. It's a good thing.
audio90.wav,வாழ்க்கைல ஒரு தடவை அழாத பணக்காரனும் இல்ல ஒரு தடவை சிரிக்காத ஏழையும் இல்லை,There is no rich man who has not cried once in his life and no poor man who has not laughed once
audio91.wav,சாமான கையை வச்சேன் வை கொண்டு வருவேன்,I will bring the luggage bag
audio92.wav,கலப்படமான நல்லவனா இருப்பதைவிட சுத்தமான கெட்டவனா இருந்திருப்பேன்,I would rather be a pure bad guy than an adulterated good guy
audio93.wav,ஐ அம் லவ் யூ,I am love you
audio94.wav,ஹலோ தகுதிக்கு நீ என்ன பொண்ண கல்யாணம் பண்ணிட்டு வீட்டோட மாப்பிள்ளையா மறைவா செய்ற ஆள் நான் இல்ல 500 கோடி ஆயிரம் கோடி சொத்து இருந்தா பொண்ணு வீட்டோட கட்டி போடுங்க எதுக்கு ஐம்பதாயிரத்துக்கும் 60 ஆயிரத்துக்கும் வேலைக்கும் பாம்பே போ துபாய் இப்போ அங்க உனக்கு மேட்சிங்கா ஒரு அம்பானியோ கம்பெனியா கிடைப்பான் அவங்க பையனுக்கு இழுத்துட்டு வர சொல்லி சந்தோஷமா கல்யாணம் பண்ணி வை,"Hello, what kind of merit do you marry a girl? I am not the kind of person who makes you a bridegroom."
audio95.wav,எனக்கு ஒரு பிரச்சனைன்னு வந்தனா எல்லாம் விட்டு ஓட்டுங்க போ உன் தலைவன் கிட்ட போய் சொல்லு எங்களுக்கு கட்சி எல்லாம் வேணாம் நாங்க தனியாவே இருந்துகிட்டே குமாரு உன் நண்பனா சொல்றேன் நான் செம கோவத்துல இருக்கேன் பேசாம போயிடு,"If I have a problem, leave everything, go to your leader and tell him that we don't need any party, we will be alone, Kumaru, I am your friend, I am in Sema Govat, go away without talking."
audio96.wav,எனக்கு என்னமோ இது சிங்கிளா இருப்பாங்களா தோனல மச்சான் எவனா ஒருத்தன் சத்தியமா கால்ல விழுந்தா தூக்கி இருக்க மாட்டா மச்சான் நீ என்னோட பர்சனாலிட்டி கொஞ்சம் கம்மி என்கிறதால உனக்கு அப்படி தெரியுது எனக்கு என்னமோ நார்மல் செய்றதா தான் தெரியல அவளை இன்னும் யாரும் தூக்குங்க எவ்வளவு மனசு சொல்ல,"I don't know if she's single or not, ma'chan, is anyone real, she won't stand up if she falls on her feet, ma'han, because you say my personality is a little gummy, you know that, I don't know if I'm doing something normal or not."
audio97.wav,உன்னால இங்கிலீஷ்ல பேசினா தான் புரியாது இப்ப தமிழ்ல பேசினாலும் புரிய மாட்டேங்குது சூப்பர்,"I can't understand you even if I speak in English, but now I don't understand even if I speak in Tamil. It's great"
audio98.wav,அமுல் பேபி ரகுவரன் இதுவரைக்கும் நீ வில்லனா தானே பார்த்து இருக்கேன் இனிமை பாப்பா,Amul Baby Raghuvaran I have been watching you as a villain until now sweet papa
audio99.wav,உன் மேல நான் கோச்சுக்க தெரியாது எமனா உன் மேல கோச்சுக்க நான் எங்க போவேன் நீங்க போனது பார்த்தா அப்படி தெரியல,I don't know how to coach you. I don't know where I will go to coach you.
