Category,audio_url
Category: Ajith MP3 Ringtones,https://www.freetamilringtones.com/jdownloads/dialogue_ringtones./ajith/ner-konda-paarvai-trailer-ringtone-ajith-dialogue0.mp3
Category: Ajith MP3 Ringtones,https://www.freetamilringtones.com/jdownloads/dialogue_ringtones./ajith/ner-konda-paarvai-trailer-ringtone-ajith-dialogue.mp3
Category: Ajith MP3 Ringtones,https://www.freetamilringtones.com/jdownloads/dialogue_ringtones./ajith/valkaila_alatha_panakaran.mp3
Category: Ajith MP3 Ringtones,https://www.freetamilringtones.com/jdownloads/dialogue_ringtones./ajith/unga_mela_kovam.mp3
Category: Ajith MP3 Ringtones,https://www.freetamilringtones.com/jdownloads/dialogue_ringtones./ajith/peru_thooku_thora.mp3
Category: Ajith MP3 Ringtones,https://www.freetamilringtones.com/jdownloads/dialogue_ringtones./ajith/naan_villan_da.mp3
Category: Ajith MP3 Ringtones,https://www.freetamilringtones.com/jdownloads/dialogue_ringtones./ajith/en_kadhayila_nan_hero.mp3
Category: Ajith MP3 Ringtones,https://www.freetamilringtones.com/jdownloads/dialogue_ringtones./ajith/eari_mithichen_vai.mp3
Category: Ajith MP3 Ringtones,https://www.freetamilringtones.com/jdownloads/dialogue_ringtones./ajith/adengappa.mp3
Category: Ajith MP3 Ringtones,https://www.freetamilringtones.com/jdownloads/dialogue_ringtones./ajith/adchu_thokalama.mp3
Category: Ajith MP3 Ringtones,https://www.freetamilringtones.com/jdownloads/dialogue_ringtones./ajith/money_money.mp3
Category: Ajith MP3 Ringtones,https://www.freetamilringtones.com/jdownloads/dialogue_ringtones./ajith/mangatha_da.mp3
Category: Ajith MP3 Ringtones,https://www.freetamilringtones.com/jdownloads/dialogue_ringtones./ajith/kudi_karana_theritha.mp3
Category: Ajith MP3 Ringtones,https://www.freetamilringtones.com/jdownloads/dialogue_ringtones./ajith/jaikaradhukku_munnadi_kondadradhum.mp3
Category: Ajith MP3 Ringtones,https://www.freetamilringtones.com/jdownloads/dialogue_ringtones./ajith/innum_intha_ulagathula.mp3
Category: Ajith MP3 Ringtones,https://www.freetamilringtones.com/jdownloads/dialogue_ringtones./ajith/game_over.mp3
Category: Ajith MP3 Ringtones,https://www.freetamilringtones.com/jdownloads/dialogue_ringtones./ajith/ethan_nan_ethan_en_vazhkai.mp3
Category: Ajith MP3 Ringtones,https://www.freetamilringtones.com/jdownloads/dialogue_ringtones./ajith/ennam_pol_vaazhkai_dialogue.mp3
Category: Ajith MP3 Ringtones,https://www.freetamilringtones.com/jdownloads/dialogue_ringtones./ajith/ennaku_thiramai_irukka.mp3
Category: Ajith MP3 Ringtones,https://www.freetamilringtones.com/jdownloads/dialogue_ringtones./ajith/eathirigal_ethana.mp3
Category: Ajith MP3 Ringtones,https://www.freetamilringtones.com/jdownloads/dialogue_ringtones./ajith/aayiram_ethirigal_vanthalum.mp3
Category: Ajith MP3 Ringtones,https://www.freetamilringtones.com/jdownloads/dialogue_ringtones./ajith/aarambam_trailer_dialogue_tone-2.mp3
Category: Ajith MP3 Ringtones,https://www.freetamilringtones.com/jdownloads/dialogue_ringtones./ajith/aarambam_trailer_dialogue_tones-1.mp3
Category: Ajith MP3 Ringtones,https://www.freetamilringtones.com/jdownloads/dialogue_ringtones./ajith/aarambam_trailer_dialogue_tones.mp3
Category: Dhanush MP3 Ringtones,https://www.freetamilringtones.com/jdownloads/dialogue_ringtones./dhanush/vip_dhanush_mass_dialogue.mp3
Category: Dhanush MP3 Ringtones,https://www.freetamilringtones.com/jdownloads/dialogue_ringtones./dhanush/pudhupettai_danush_dialogue.mp3
Category: Dhanush MP3 Ringtones,https://www.freetamilringtones.com/jdownloads/dialogue_ringtones./dhanush/pesi_pesi_senjutela_dialogue.mp3
Category: Dhanush MP3 Ringtones,https://www.freetamilringtones.com/jdownloads/dialogue_ringtones./dhanush/maari_kosu_dialogue.mp3
Category: Dhanush MP3 Ringtones,https://www.freetamilringtones.com/jdownloads/dialogue_ringtones./dhanush/ladies_mela_kai_dialogue.mp3
Category: Dhanush MP3 Ringtones,https://www.freetamilringtones.com/jdownloads/dialogue_ringtones./dhanush/kondae_puduvea_dialogue.mp3
Category: Dhanush MP3 Ringtones,https://www.freetamilringtones.com/jdownloads/dialogue_ringtones./dhanush/kalapadam_mana_nallavan_dialogue.mp3
Category: Dhanush MP3 Ringtones,https://www.freetamilringtones.com/jdownloads/dialogue_ringtones./dhanush/i_am_love_you_dialogue.mp3
Category: Dhanush MP3 Ringtones,https://www.freetamilringtones.com/jdownloads/dialogue_ringtones./dhanush/hello_thaguthi_ku_dialogue.mp3
Category: Dhanush MP3 Ringtones,https://www.freetamilringtones.com/jdownloads/dialogue_ringtones./dhanush/ennaku_oru_prachanna_dialogue.mp3
Category: Dhanush MP3 Ringtones,https://www.freetamilringtones.com/jdownloads/dialogue_ringtones./dhanush/enna_da_eppudi_irruga_dialogue.mp3
Category: Dhanush MP3 Ringtones,https://www.freetamilringtones.com/jdownloads/dialogue_ringtones./dhanush/englishla_pesunaale_dialogue.mp3
Category: Dhanush MP3 Ringtones,https://www.freetamilringtones.com/jdownloads/dialogue_ringtones./dhanush/dhanush_mass_dialogue.mp3
Category: Dhanush MP3 Ringtones,https://www.freetamilringtones.com/jdownloads/dialogue_ringtones./dhanush/dhanush_love_dialogue.mp3
Category: Dhanush MP3 Ringtones,https://www.freetamilringtones.com/jdownloads/dialogue_ringtones./dhanush/dahush_love_dialogue.mp3
Category: Dhanush MP3 Ringtones,https://www.freetamilringtones.com/jdownloads/dialogue_ringtones./dhanush/come_to_my_home.mp3
Category: Dhanush MP3 Ringtones,https://www.freetamilringtones.com/jdownloads/dialogue_ringtones./dhanush/calendara_pathen_dialogue.mp3
Category: Dhanush MP3 Ringtones,https://www.freetamilringtones.com/jdownloads/dialogue_ringtones./dhanush/bayamaa_dialogue.mp3
Category: Dhanush MP3 Ringtones,https://www.freetamilringtones.com/jdownloads/dialogue_ringtones./dhanush/athu_enga_area_ponnu_dialogue.mp3
Category: Kamal Haasan MP3 Ringtones,https://www.freetamilringtones.com/jdownloads/dialogue_ringtones./kamal_haasan/vettaiyadu_villayadu_intro.mp3
Category: Kamal Haasan MP3 Ringtones,https://www.freetamilringtones.com/jdownloads/dialogue_ringtones./kamal_haasan/vasoolraj_dialogue.mp3
Category: Kamal Haasan MP3 Ringtones,https://www.freetamilringtones.com/jdownloads/dialogue_ringtones./kamal_haasan/vasool_raja_mbbs_dialogue.mp3
Category: Kamal Haasan MP3 Ringtones,https://www.freetamilringtones.com/jdownloads/dialogue_ringtones./kamal_haasan/unnaipol_oruvan_kamal_dialogue.mp3
Category: Kamal Haasan MP3 Ringtones,https://www.freetamilringtones.com/jdownloads/dialogue_ringtones./kamal_haasan/unnaipol_oruvan_dialogue.mp3
Category: Kamal Haasan MP3 Ringtones,https://www.freetamilringtones.com/jdownloads/dialogue_ringtones./kamal_haasan/nayagan_heart_touching__dialogues.mp3
Category: Kamal Haasan MP3 Ringtones,https://www.freetamilringtones.com/jdownloads/dialogue_ringtones./kamal_haasan/nayagan_best_dialogue.mp3
Category: Kamal Haasan MP3 Ringtones,https://www.freetamilringtones.com/jdownloads/dialogue_ringtones./kamal_haasan/mirugam_konru_dialogues.mp3
Category: Kamal Haasan MP3 Ringtones,https://www.freetamilringtones.com/jdownloads/dialogue_ringtones./kamal_haasan/kuruthipunal_veeram_enna_dialogues.mp3
Category: Kamal Haasan MP3 Ringtones,https://www.freetamilringtones.com/jdownloads/dialogue_ringtones./kamal_haasan/kanmani_anbodu_dialogue.mp3
Category: Kamal Haasan MP3 Ringtones,https://www.freetamilringtones.com/jdownloads/dialogue_ringtones./kamal_haasan/kamal_hassan_s_best_dialogue.mp3
Category: Kamal Haasan MP3 Ringtones,https://www.freetamilringtones.com/jdownloads/dialogue_ringtones./kamal_haasan/guna_kamal_dialogue.mp3
Category: Kamal Haasan MP3 Ringtones,https://www.freetamilringtones.com/jdownloads/dialogue_ringtones./kamal_haasan/ethu_enna_goli_dialogue.mp3
Category: Kamal Haasan MP3 Ringtones,https://www.freetamilringtones.com/jdownloads/dialogue_ringtones./kamal_haasan/dasavatharam_balram_naidu_dialogue.mp3
Category: Kamal Haasan MP3 Ringtones,https://www.freetamilringtones.com/jdownloads/dialogue_ringtones./kamal_haasan/anbe_sivam_touching_dialogues.mp3
Category: Kamal Haasan MP3 Ringtones,https://www.freetamilringtones.com/jdownloads/dialogue_ringtones./kamal_haasan/aboorva_sagothargal_appu_dialogue.mp3
Category: Rajini-Kanth MP3 Ringtones,https://www.freetamilringtones.com/jdownloads/dialogue_ringtones./rajini-kanth/darbar-trailer-rajinikanth-dialogue-ringtone.mp3
Category: Rajini-Kanth MP3 Ringtones,https://www.freetamilringtones.com/jdownloads/dialogue_ringtones./rajini-kanth/underware_oda_odavitruven.mp3
Category: Rajini-Kanth MP3 Ringtones,https://www.freetamilringtones.com/jdownloads/dialogue_ringtones./rajini-kanth/stylela_irukena.mp3
Category: Rajini-Kanth MP3 Ringtones,https://www.freetamilringtones.com/jdownloads/dialogue_ringtones./rajini-kanth/sirappana_sampavam.mp3
Category: Rajini-Kanth MP3 Ringtones,https://www.freetamilringtones.com/jdownloads/dialogue_ringtones./rajini-kanth/pondati_pulla_sentiment.mp3
Category: Rajini-Kanth MP3 Ringtones,https://www.freetamilringtones.com/jdownloads/dialogue_ringtones./rajini-kanth/petta_rajini_mass_dialogue.mp3
Category: Rajini-Kanth MP3 Ringtones,https://www.freetamilringtones.com/jdownloads/dialogue_ringtones./rajini-kanth/kali_attam.mp3
Category: Rajini-Kanth MP3 Ringtones,https://www.freetamilringtones.com/jdownloads/dialogue_ringtones./rajini-kanth/rajinis-intro-theme-ringtone.mp3
Category: Rajini-Kanth MP3 Ringtones,https://www.freetamilringtones.com/jdownloads/dialogue_ringtones./rajini-kanth/rajini_friendship.mp3
Category: Rajini-Kanth MP3 Ringtones,https://www.freetamilringtones.com/jdownloads/dialogue_ringtones./rajini-kanth/rajini_love_feeling_dialogue.mp3
Category: Rajini-Kanth MP3 Ringtones,https://www.freetamilringtones.com/jdownloads/dialogue_ringtones./rajini-kanth/rajini_dialogues.mp3
Category: Rajini-Kanth MP3 Ringtones,https://www.freetamilringtones.com/jdownloads/dialogue_ringtones./rajini-kanth/nalla_vangkala_aandavan.mp3
Category: Rajini-Kanth MP3 Ringtones,https://www.freetamilringtones.com/jdownloads/dialogue_ringtones./rajini-kanth/naanum_enth_nerathuku_dialogue.mp3
Category: Rajini-Kanth MP3 Ringtones,https://www.freetamilringtones.com/jdownloads/dialogue_ringtones./rajini-kanth/naan_padicha.mp3
Category: Rajini-Kanth MP3 Ringtones,https://www.freetamilringtones.com/jdownloads/dialogue_ringtones./rajini-kanth/naan_oru_thadava_sonna_dialogue.mp3
Category: Rajini-Kanth MP3 Ringtones,https://www.freetamilringtones.com/jdownloads/dialogue_ringtones./rajini-kanth/manik_basha_dialogue.mp3
Category: Rajini-Kanth MP3 Ringtones,https://www.freetamilringtones.com/jdownloads/dialogue_ringtones./rajini-kanth/malai_da_annamalai.mp3
Category: Rajini-Kanth MP3 Ringtones,https://www.freetamilringtones.com/jdownloads/dialogue_ringtones./rajini-kanth/koodave_poranthathu.mp3
Category: Rajini-Kanth MP3 Ringtones,https://www.freetamilringtones.com/jdownloads/dialogue_ringtones./rajini-kanth/kastapadaama.mp3
Category: Rajini-Kanth MP3 Ringtones,https://www.freetamilringtones.com/jdownloads/dialogue_ringtones./rajini-kanth/kabali_romba_kettavan_da_dialogue.mp3
Category: Rajini-Kanth MP3 Ringtones,https://www.freetamilringtones.com/jdownloads/dialogue_ringtones./rajini-kanth/kabali_rajini_english_dialogue.mp3
Category: Rajini-Kanth MP3 Ringtones,https://www.freetamilringtones.com/jdownloads/dialogue_ringtones./rajini-kanth/innaki_thaan_naan_dialogue.mp3
Category: Rajini-Kanth MP3 Ringtones,https://www.freetamilringtones.com/jdownloads/dialogue_ringtones./rajini-kanth/ennoru_thadava_unna_inga_dialogue.mp3
Category: Rajini-Kanth MP3 Ringtones,https://www.freetamilringtones.com/jdownloads/dialogue_ringtones./rajini-kanth/enna_power_fulla_dialogue.mp3
Category: Rajini-Kanth MP3 Ringtones,https://www.freetamilringtones.com/jdownloads/dialogue_ringtones./rajini-kanth/endhiran_love_dialogue.mp3
Category: Simbu MP3 Ringtones,https://www.freetamilringtones.com/jdownloads/dialogue_ringtones./simbu/unna_mudha_thadava_dialogue.mp3
Category: Simbu MP3 Ringtones,https://www.freetamilringtones.com/jdownloads/dialogue_ringtones./simbu/sir_ulagathila_dialogue.mp3
Category: Simbu MP3 Ringtones,https://www.freetamilringtones.com/jdownloads/dialogue_ringtones./simbu/sir_engg_eppa_dialogue.mp3
Category: Simbu MP3 Ringtones,https://www.freetamilringtones.com/jdownloads/dialogue_ringtones./simbu/simpu_emotional_love_dialogue.mp3
Category: Simbu MP3 Ringtones,https://www.freetamilringtones.com/jdownloads/dialogue_ringtones./simbu/simbu_vallavan_dialogue.mp3
Category: Simbu MP3 Ringtones,https://www.freetamilringtones.com/jdownloads/dialogue_ringtones./simbu/simbu_love_failure_dialogue.mp3
Category: Simbu MP3 Ringtones,https://www.freetamilringtones.com/jdownloads/dialogue_ringtones./simbu/simbu_love_dialogue.mp3
Category: Simbu MP3 Ringtones,https://www.freetamilringtones.com/jdownloads/dialogue_ringtones./simbu/simbu_feel_dialogue.mp3
Category: Simbu MP3 Ringtones,https://www.freetamilringtones.com/jdownloads/dialogue_ringtones./simbu/silambattam_dialogue.mp3
Category: Simbu MP3 Ringtones,https://www.freetamilringtones.com/jdownloads/dialogue_ringtones./simbu/satthiyam_panrathu_dialogue.mp3
Category: Simbu MP3 Ringtones,https://www.freetamilringtones.com/jdownloads/dialogue_ringtones./simbu/prachana_varum_dialogue.mp3
Category: Simbu MP3 Ringtones,https://www.freetamilringtones.com/jdownloads/dialogue_ringtones./simbu/love_failure_dialogue.mp3
Category: Simbu MP3 Ringtones,https://www.freetamilringtones.com/jdownloads/dialogue_ringtones./simbu/inga_enna_solluthu_dialogue.mp3
Category: Simbu MP3 Ringtones,https://www.freetamilringtones.com/jdownloads/dialogue_ringtones./simbu/hit_love_failure_dialogue.mp3
Category: Simbu MP3 Ringtones,https://www.freetamilringtones.com/jdownloads/dialogue_ringtones./simbu/eva_than_ponnu_dialogue.mp3
Category: Simbu MP3 Ringtones,https://www.freetamilringtones.com/jdownloads/dialogue_ringtones./simbu/aambalainga_manasa_dialogue.mp3
Category: Simbu MP3 Ringtones,https://www.freetamilringtones.com/jdownloads/dialogue_ringtones./simbu/22_varusama_dialogue.mp3
Category: Sivakarthikeyan MP3 Ringtones,https://www.freetamilringtones.com/jdownloads/dialogue_ringtones./sivakarthikeyan/rahman-love-dialouge-ringtone.mp3
Category: Sivakarthikeyan MP3 Ringtones,https://www.freetamilringtones.com/jdownloads/dialogue_ringtones./sivakarthikeyan/varutha_padatha_valibar_sangam_sivakarthikeyan_dialogue.mp3
Category: Sivakarthikeyan MP3 Ringtones,https://www.freetamilringtones.com/jdownloads/dialogue_ringtones./sivakarthikeyan/varutha_padatha_valibar_sangam_dialogue.mp3
Category: Sivakarthikeyan MP3 Ringtones,https://www.freetamilringtones.com/jdownloads/dialogue_ringtones./sivakarthikeyan/thanka_silai.mp3
Category: Sivakarthikeyan MP3 Ringtones,https://www.freetamilringtones.com/jdownloads/dialogue_ringtones./sivakarthikeyan/sivakarthikeyan_punch.mp3
Category: Sivakarthikeyan MP3 Ringtones,https://www.freetamilringtones.com/jdownloads/dialogue_ringtones./sivakarthikeyan/siva_best_dialogue.mp3
Category: Sivakarthikeyan MP3 Ringtones,https://www.freetamilringtones.com/jdownloads/dialogue_ringtones./sivakarthikeyan/pudava_kattidu_vantha_paaru.mp3
Category: Sivakarthikeyan MP3 Ringtones,https://www.freetamilringtones.com/jdownloads/dialogue_ringtones./sivakarthikeyan/naangallam_prachanaiya_billu.mp3
Category: Sivakarthikeyan MP3 Ringtones,https://www.freetamilringtones.com/jdownloads/dialogue_ringtones./sivakarthikeyan/maan_karate_motivational_dialogues.mp3
Category: Surya MP3 Ringtones,https://www.freetamilringtones.com/jdownloads/dialogue_ringtones./surya/ulagathil_surya_dialogue.mp3
Category: Surya MP3 Ringtones,https://www.freetamilringtones.com/jdownloads/dialogue_ringtones./surya/udhadellam_kaanchu_poochu_dialogue.mp3
Category: Surya MP3 Ringtones,https://www.freetamilringtones.com/jdownloads/dialogue_ringtones./surya/surya_dialogue.mp3
Category: Surya MP3 Ringtones,https://www.freetamilringtones.com/jdownloads/dialogue_ringtones./surya/surya_dialogue_ringtones.mp3
Category: Surya MP3 Ringtones,https://www.freetamilringtones.com/jdownloads/dialogue_ringtones./surya/singam-punch.mp3
Category: Surya MP3 Ringtones,https://www.freetamilringtones.com/jdownloads/dialogue_ringtones./surya/police_karan_othungurana.mp3
Category: Surya MP3 Ringtones,https://www.freetamilringtones.com/jdownloads/dialogue_ringtones./surya/oru_thavaru_seithal.mp3
Category: Surya MP3 Ringtones,https://www.freetamilringtones.com/jdownloads/dialogue_ringtones./surya/nammakku_theringavalukku_dialogue.mp3
Category: Surya MP3 Ringtones,https://www.freetamilringtones.com/jdownloads/dialogue_ringtones./surya/masss_teaser_dialogue.mp3
Category: Surya MP3 Ringtones,https://www.freetamilringtones.com/jdownloads/dialogue_ringtones./surya/i_am_watching_you_dialogue.mp3
Category: Surya MP3 Ringtones,https://www.freetamilringtones.com/jdownloads/dialogue_ringtones./surya/hello_eppadi_irukeenga.mp3
Category: Surya MP3 Ringtones,https://www.freetamilringtones.com/jdownloads/dialogue_ringtones./surya/evvalu_naal_nee_dialogue.mp3
Category: Surya MP3 Ringtones,https://www.freetamilringtones.com/jdownloads/dialogue_ringtones./surya/anjaan_surya_dialogue.mp3
Category: Surya MP3 Ringtones,https://www.freetamilringtones.com/jdownloads/dialogue_ringtones./surya/2_bullet_dialogue.mp3
Category: Vijay MP3 Ringtones,https://www.freetamilringtones.com/jdownloads/dialogue_ringtones./vijay/villu_power_fullu.mp3
Category: Vijay MP3 Ringtones,https://www.freetamilringtones.com/jdownloads/dialogue_ringtones./vijay/thalaivaa_vijay_dialogue.mp3
Category: Vijay MP3 Ringtones,https://www.freetamilringtones.com/jdownloads/dialogue_ringtones./vijay/thalaivaa_thalaivan_dialogue.mp3
Category: Vijay MP3 Ringtones,https://www.freetamilringtones.com/jdownloads/dialogue_ringtones./vijay/thalaivaa_nice_dialogue.mp3
Category: Vijay MP3 Ringtones,https://www.freetamilringtones.com/jdownloads/dialogue_ringtones./vijay/thalaivaa_miss_aagathu.mp3
Category: Vijay MP3 Ringtones,https://www.freetamilringtones.com/jdownloads/dialogue_ringtones./vijay/thalaivaa_dialogue.mp3
Category: Vijay MP3 Ringtones,https://www.freetamilringtones.com/jdownloads/dialogue_ringtones./vijay/see_me_in_action.mp3
Category: Vijay MP3 Ringtones,https://www.freetamilringtones.com/jdownloads/dialogue_ringtones./vijay/pokkiri_message.mp3
Category: Vijay MP3 Ringtones,https://www.freetamilringtones.com/jdownloads/dialogue_ringtones./vijay/mersal_vijay_dialogue.mp3
Category: Vijay MP3 Ringtones,https://www.freetamilringtones.com/jdownloads/dialogue_ringtones./vijay/maama.mp3
Category: Vijay MP3 Ringtones,https://www.freetamilringtones.com/jdownloads/dialogue_ringtones./vijay/lets_go.mp3
Category: Vijay MP3 Ringtones,https://www.freetamilringtones.com/jdownloads/dialogue_ringtones./vijay/kavalan_touching_dialogue.mp3
Category: Vijay MP3 Ringtones,https://www.freetamilringtones.com/jdownloads/dialogue_ringtones./vijay/i_am_waiting_dialogue.mp3
Category: Vijay MP3 Ringtones,https://www.freetamilringtones.com/jdownloads/dialogue_ringtones./vijay/gilli_mathiri.mp3
Category: Vijay MP3 Ringtones,https://www.freetamilringtones.com/jdownloads/dialogue_ringtones./vijay/gilli_da.mp3
Category: Vijay MP3 Ringtones,https://www.freetamilringtones.com/jdownloads/dialogue_ringtones./vijay/fight_music.mp3
Category: Vijay MP3 Ringtones,https://www.freetamilringtones.com/jdownloads/dialogue_ringtones./vijay/any_thing_for_my_dad.mp3
Category: Vijay Sethupathi MP3 Ringtones,https://www.freetamilringtones.com/jdownloads/dialogue_ringtones./vijay_sethupathi/annathe-sethi-vijay-sethupathi-dialogue-ringtone.mp3
Category: Vijay Sethupathi MP3 Ringtones,https://www.freetamilringtones.com/jdownloads/dialogue_ringtones./vijay_sethupathi/vijay-sethupathi-laabam-trailer-dialogue-bgm-ringtone.mp3
Category: Vijay Sethupathi MP3 Ringtones,https://www.freetamilringtones.com/jdownloads/dialogue_ringtones./vijay_sethupathi/super-deluxe-trailer-dialouge-ringtone-2.mp3
Category: Vijay Sethupathi MP3 Ringtones,https://www.freetamilringtones.com/jdownloads/dialogue_ringtones./vijay_sethupathi/super-deluxe-trailer-dialouge-ringtone0.mp3
Category: Vijay Sethupathi MP3 Ringtones,https://www.freetamilringtones.com/jdownloads/dialogue_ringtones./vijay_sethupathi/super-deluxe-promo-dialouge-3-ringtone.mp3
Category: Vijay Sethupathi MP3 Ringtones,https://www.freetamilringtones.com/jdownloads/dialogue_ringtones./vijay_sethupathi/super-deluxe-trailer-dialouge-ringtone.mp3
Category: Vijay Sethupathi MP3 Ringtones,https://www.freetamilringtones.com/jdownloads/dialogue_ringtones./vijay_sethupathi/avaranu-nodi-ringtone.mp3
Category: Vijay Sethupathi MP3 Ringtones,https://www.freetamilringtones.com/jdownloads/dialogue_ringtones./vijay_sethupathi/unakku_ennathan_prachannai_dialogue.mp3
Category: Vijay Sethupathi MP3 Ringtones,https://www.freetamilringtones.com/jdownloads/dialogue_ringtones./vijay_sethupathi/unakku_mattum_tha_kovam_varuma.mp3
Category: Vijay Sethupathi MP3 Ringtones,https://www.freetamilringtones.com/jdownloads/dialogue_ringtones./vijay_sethupathi/paaa_dialogue.mp3
Category: Vijay Sethupathi MP3 Ringtones,https://www.freetamilringtones.com/jdownloads/dialogue_ringtones./vijay_sethupathi/ravanan_raman0.mp3
Category: Vijay Sethupathi MP3 Ringtones,https://www.freetamilringtones.com/jdownloads/dialogue_ringtones./vijay_sethupathi/ravanan_raman.mp3
Category: Vijay Sethupathi MP3 Ringtones,https://www.freetamilringtones.com/jdownloads/dialogue_ringtones./vijay_sethupathi/puli_pasichalum_dialogue.mp3
Category: Vijay Sethupathi MP3 Ringtones,https://www.freetamilringtones.com/jdownloads/dialogue_ringtones./vijay_sethupathi/pangaali.mp3
Category: Vijay Sethupathi MP3 Ringtones,https://www.freetamilringtones.com/jdownloads/dialogue_ringtones./vijay_sethupathi/ne_periya_manusanada.mp3
Category: Vijay Sethupathi MP3 Ringtones,https://www.freetamilringtones.com/jdownloads/dialogue_ringtones./vijay_sethupathi/love_metter.mp3
Category: Vijay Sethupathi MP3 Ringtones,https://www.freetamilringtones.com/jdownloads/dialogue_ringtones./vijay_sethupathi/ketta_police_nalla_rowdy_dialogue.mp3
Category: Vijay Sethupathi MP3 Ringtones,https://www.freetamilringtones.com/jdownloads/dialogue_ringtones./vijay_sethupathi/karthikai_deepam.mp3
Category: Vijay Sethupathi MP3 Ringtones,https://www.freetamilringtones.com/jdownloads/dialogue_ringtones./vijay_sethupathi/kadhu_are_u_ok_baby_dialogue.mp3
Category: Vijay Sethupathi MP3 Ringtones,https://www.freetamilringtones.com/jdownloads/dialogue_ringtones./vijay_sethupathi/ennachu.mp3
Category: Vijay Sethupathi MP3 Ringtones,https://www.freetamilringtones.com/jdownloads/dialogue_ringtones./vijay_sethupathi/en_pondatikku.mp3
Category: Vijay Sethupathi MP3 Ringtones,https://www.freetamilringtones.com/jdownloads/dialogue_ringtones./vijay_sethupathi/early_morning.mp3
Category: Vijay Sethupathi MP3 Ringtones,https://www.freetamilringtones.com/jdownloads/dialogue_ringtones./vijay_sethupathi/cry_kumutha_happy.mp3
Category: Vijay Sethupathi MP3 Ringtones,https://www.freetamilringtones.com/jdownloads/dialogue_ringtones./vijay_sethupathi/avla_pidikum.mp3
Category: Vijay Sethupathi MP3 Ringtones,https://www.freetamilringtones.com/jdownloads/dialogue_ringtones./vijay_sethupathi/aadu_pudikravan.mp3
